NACE_2d,Industry_Category
1,Agriculture
2,Agriculture
3,Agriculture
5,Mining & Energy
6,Mining & Energy
7,Mining & Energy
8,Mining & Energy
9,Mining & Energy
10,M-Food & Beverages
11,M-Food & Beverages
12,M-Food & Beverages
13,M-Textiles
14,M-Textiles
15,M-Textiles
16,M-Wood & Paper
17,M-Wood & Paper
18,M-Wood & Paper
19,M-Chemicals
20,M-Chemicals
21,M-Pharma & Rubber
22,M-Pharma & Rubber
23,M-Mineral Products
24,M-Metals
25,M-Metals
26,M-Electronics
27,M-Electronics
28,M-Machinery
29,M-Transport Equip
30,M-Transport Equip
31,M-Furniture & Misc
32,M-Furniture & Misc
33,M-Furniture & Misc
35,Utilities
36,Utilities
37,Utilities
38,Utilities
39,Utilities
41,Construction
42,Construction
43,Construction
45,Trade
46,Trade
47,Trade
49,Transport
50,Transport
51,Transport
52,Transport
53,Transport
55,Hospitality
56,Hospitality
58,Info & Comms
59,Info & Comms
60,Info & Comms
61,Info & Comms
62,Info & Comms
63,Info & Comms
64,Finance
65,Finance
66,Finance
68,Real Estate
69,Professional Services
70,Professional Services
71,Professional Services
72,Professional Services
73,Professional Services
74,Professional Services
75,Professional Services
76,Professional Services
77,Professional Services
78,Professional Services
79,Professional Services
80,Professional Services
81,Professional Services
82,Professional Services
84,Public & Health
85,Public & Health
86,Public & Health
87,Public & Health
88,Public & Health
90,Art & Entertainment
91,Art & Entertainment
92,Art & Entertainment
93,Art & Entertainment
94,Other
95,Other
96,Other
97,Other
98,Other
99,Other
